Iteration,Action,Var_Idx,Value,Vars_N,Vars_B,Depth
1,DECIMATION,0,T,50,0,1
2,DECIMATION,1,T,49,0,2
3,DECIMATION,2,T,48,0,3
4,DECIMATION,3,T,47,0,4
5,DECIMATION,4,T,46,0,5
7,DECIMATION,5,T,44,0,6
8,DECIMATION,6,T,43,0,7
10,DECIMATION,7,T,41,0,8
11,DECIMATION,8,T,40,0,9
21,OGP_HIT,-1,-1,0,50,9
21,BACKTRACK,8,F,0,50,9
32,OGP_HIT,-1,-1,0,50,9
32,BACKTRACK,7,F,0,50,8
42,OGP_HIT,-1,-1,0,50,8
42,BACKTRACK,6,F,0,50,7
52,OGP_HIT,-1,-1,0,50,7
52,BACKTRACK,5,F,0,50,6
63,OGP_HIT,-1,-1,0,50,6
63,BACKTRACK,4,F,0,50,5
65,DECIMATION,5,T,44,0,6
66,DECIMATION,6,T,43,0,7
68,DECIMATION,7,T,40,0,8
69,DECIMATION,8,T,39,0,9
78,OGP_HIT,-1,-1,0,50,9
78,BACKTRACK,8,F,0,50,9
88,OGP_HIT,-1,-1,0,50,9
88,BACKTRACK,7,F,0,50,8
98,OGP_HIT,-1,-1,0,50,8
98,BACKTRACK,6,F,0,50,7
101,DECIMATION,7,T,39,0,8
115,OGP_HIT,-1,-1,0,50,8
115,BACKTRACK,7,F,0,50,8
120,DECIMATION,8,T,32,0,9
128,OGP_HIT,-1,-1,0,50,9
128,BACKTRACK,8,F,0,50,9
135,OGP_HIT,-1,-1,0,50,9
135,BACKTRACK,5,F,0,50,6
144,OGP_HIT,-1,-1,0,50,6
144,BACKTRACK,3,F,0,50,4
145,DECIMATION,4,T,46,0,5
147,DECIMATION,5,T,44,0,6
148,DECIMATION,6,T,43,0,7
150,DECIMATION,7,T,41,0,8
151,DECIMATION,8,T,40,0,9
160,OGP_HIT,-1,-1,0,50,9
160,BACKTRACK,8,F,0,50,9
172,OGP_HIT,-1,-1,0,50,9
172,BACKTRACK,7,F,0,50,8
177,DECIMATION,8,T,36,0,9
185,OGP_HIT,-1,-1,0,50,9
185,BACKTRACK,8,F,0,50,9
196,OGP_HIT,-1,-1,0,50,9
196,BACKTRACK,6,F,0,50,7
206,OGP_HIT,-1,-1,0,50,7
206,BACKTRACK,5,F,0,50,6
217,OGP_HIT,-1,-1,0,50,6
217,BACKTRACK,4,F,0,50,5
223,DECIMATION,5,T,39,0,6
225,DECIMATION,6,T,37,0,7
236,OGP_HIT,-1,-1,0,50,7
236,BACKTRACK,6,F,0,50,7
239,DECIMATION,7,T,34,0,8
240,DECIMATION,8,T,33,0,9
249,OGP_HIT,-1,-1,0,50,9
249,BACKTRACK,8,F,0,50,9
253,DECIMATION,9,T,28,0,10
260,OGP_HIT,-1,-1,0,50,10
260,BACKTRACK,9,F,0,50,10
268,OGP_HIT,-1,-1,0,50,10
268,BACKTRACK,7,F,0,50,8
271,DECIMATION,8,T,30,0,9
279,OGP_HIT,-1,-1,0,50,9
279,BACKTRACK,8,F,0,50,9
287,OGP_HIT,-1,-1,0,50,9
287,BACKTRACK,5,F,0,50,6
295,OGP_HIT,-1,-1,0,50,6
295,BACKTRACK,2,F,0,50,3
296,DECIMATION,3,T,47,0,4
297,DECIMATION,4,T,46,0,5
299,DECIMATION,5,T,44,0,6
301,DECIMATION,6,T,42,0,7
309,OGP_HIT,-1,-1,0,50,7
309,BACKTRACK,6,F,0,50,7
318,OGP_HIT,-1,-1,0,50,7
318,BACKTRACK,5,F,0,50,6
328,OGP_HIT,-1,-1,0,50,6
328,BACKTRACK,4,F,0,50,5
330,DECIMATION,5,T,44,0,6
332,DECIMATION,6,T,42,0,7
339,OGP_HIT,-1,-1,0,50,7
339,BACKTRACK,6,F,0,50,7
342,DECIMATION,7,T,38,0,8
349,OGP_HIT,-1,-1,0,50,8
349,BACKTRACK,7,F,0,50,8
362,OGP_HIT,-1,-1,0,50,8
362,BACKTRACK,5,F,0,50,6
371,OGP_HIT,-1,-1,0,50,6
371,BACKTRACK,3,F,0,50,4
372,DECIMATION,4,T,46,0,5
374,DECIMATION,5,T,44,0,6
376,DECIMATION,6,T,42,0,7
384,OGP_HIT,-1,-1,0,50,7
384,BACKTRACK,6,F,0,50,7
393,OGP_HIT,-1,-1,0,50,7
393,BACKTRACK,5,F,0,50,6
403,OGP_HIT,-1,-1,0,50,6
403,BACKTRACK,4,F,0,50,5
418,OGP_HIT,-1,-1,0,50,5
418,BACKTRACK,1,F,0,50,2
419,DECIMATION,2,T,48,0,3
420,DECIMATION,3,T,47,0,4
421,DECIMATION,4,T,46,0,5
423,DECIMATION,5,T,44,0,6
424,DECIMATION,6,T,43,0,7
426,DECIMATION,7,T,41,0,8
427,DECIMATION,8,T,40,0,9
435,OGP_HIT,-1,-1,0,50,9
435,BACKTRACK,8,F,0,50,9
445,OGP_HIT,-1,-1,0,50,9
445,BACKTRACK,7,F,0,50,8
455,OGP_HIT,-1,-1,0,50,8
455,BACKTRACK,6,F,0,50,7
465,OGP_HIT,-1,-1,0,50,7
465,BACKTRACK,5,F,0,50,6
467,DECIMATION,6,T,42,0,7
470,DECIMATION,7,T,39,0,8
472,DECIMATION,8,T,37,0,9
475,DECIMATION,10,T,34,0,10
481,OGP_HIT,-1,-1,0,50,10
481,BACKTRACK,10,F,0,50,10
482,DECIMATION,12,T,33,0,11
489,OGP_HIT,-1,-1,0,50,11
489,BACKTRACK,12,F,0,50,11
496,OGP_HIT,-1,-1,0,50,11
496,BACKTRACK,8,F,0,50,9
505,OGP_HIT,-1,-1,0,50,9
505,BACKTRACK,7,F,0,50,8
514,OGP_HIT,-1,-1,0,50,8
514,BACKTRACK,6,F,0,50,7
525,OGP_HIT,-1,-1,0,50,7
525,BACKTRACK,4,F,0,50,5
526,DECIMATION,5,T,45,0,6
527,DECIMATION,6,T,44,0,7
529,DECIMATION,7,T,41,0,8
530,DECIMATION,8,T,40,0,9
538,OGP_HIT,-1,-1,0,50,9
538,BACKTRACK,8,F,0,50,9
547,OGP_HIT,-1,-1,0,50,9
547,BACKTRACK,7,F,0,50,8
557,OGP_HIT,-1,-1,0,50,8
557,BACKTRACK,6,F,0,50,7
560,DECIMATION,7,T,40,0,8
573,OGP_HIT,-1,-1,0,50,8
573,BACKTRACK,7,F,0,50,8
586,OGP_HIT,-1,-1,0,50,8
586,BACKTRACK,5,F,0,50,6
589,DECIMATION,6,T,42,0,7
598,OGP_HIT,-1,-1,0,50,7
598,BACKTRACK,6,F,0,50,7
611,OGP_HIT,-1,-1,0,50,7
611,BACKTRACK,3,F,0,50,4
612,DECIMATION,4,T,46,0,5
614,DECIMATION,5,T,44,0,6
615,DECIMATION,6,T,43,0,7
617,DECIMATION,7,T,41,0,8
618,DECIMATION,8,T,40,0,9
626,OGP_HIT,-1,-1,0,50,9
626,BACKTRACK,8,F,0,50,9
639,OGP_HIT,-1,-1,0,50,9
639,BACKTRACK,7,F,0,50,8
644,DECIMATION,8,T,36,0,9
652,OGP_HIT,-1,-1,0,50,9
652,BACKTRACK,8,F,0,50,9
655,DECIMATION,9,T,33,0,10
662,OGP_HIT,-1,-1,0,50,10
662,BACKTRACK,9,F,0,50,10
673,OGP_HIT,-1,-1,0,50,10
673,BACKTRACK,6,F,0,50,7
683,OGP_HIT,-1,-1,0,50,7
683,BACKTRACK,5,F,0,50,6
685,DECIMATION,6,T,42,0,7
687,DECIMATION,7,T,40,0,8
688,DECIMATION,8,T,39,0,9
698,OGP_HIT,-1,-1,0,50,9
698,BACKTRACK,8,F,0,50,9
699,DECIMATION,9,T,38,0,10
710,OGP_HIT,-1,-1,0,50,10
710,BACKTRACK,9,F,0,50,10
718,OGP_HIT,-1,-1,0,50,10
718,BACKTRACK,7,F,0,50,8
726,OGP_HIT,-1,-1,0,50,8
726,BACKTRACK,6,F,0,50,7
737,OGP_HIT,-1,-1,0,50,7
737,BACKTRACK,4,F,0,50,5
738,DECIMATION,5,T,45,0,6
739,DECIMATION,6,T,44,0,7
741,DECIMATION,7,T,41,0,8
742,DECIMATION,8,T,40,0,9
750,OGP_HIT,-1,-1,0,50,9
750,BACKTRACK,8,F,0,50,9
762,OGP_HIT,-1,-1,0,50,9
762,BACKTRACK,7,F,0,50,8
766,DECIMATION,8,T,37,0,9
773,OGP_HIT,-1,-1,0,50,9
773,BACKTRACK,8,F,0,50,9
777,DECIMATION,9,T,33,0,10
785,OGP_HIT,-1,-1,0,50,10
785,BACKTRACK,9,F,0,50,10
796,OGP_HIT,-1,-1,0,50,10
796,BACKTRACK,6,F,0,50,7
799,DECIMATION,7,T,41,0,8
800,DECIMATION,8,T,40,0,9
808,OGP_HIT,-1,-1,0,50,9
808,BACKTRACK,8,F,0,50,9
810,DECIMATION,9,T,38,0,10
819,OGP_HIT,-1,-1,0,50,10
819,BACKTRACK,9,F,0,50,10
828,OGP_HIT,-1,-1,0,50,10
828,BACKTRACK,7,F,0,50,8
831,DECIMATION,8,T,38,0,9
840,OGP_HIT,-1,-1,0,50,9
840,BACKTRACK,8,F,0,50,9
842,DECIMATION,9,T,36,0,10
851,OGP_HIT,-1,-1,0,50,10
851,BACKTRACK,9,F,0,50,10
855,DECIMATION,10,T,32,0,11
865,OGP_HIT,-1,-1,0,50,11
865,BACKTRACK,10,F,0,50,11
873,OGP_HIT,-1,-1,0,50,11
873,BACKTRACK,5,F,0,50,6
876,DECIMATION,6,T,42,0,7
878,DECIMATION,7,T,40,0,8
880,DECIMATION,8,T,38,0,9
887,OGP_HIT,-1,-1,0,50,9
887,BACKTRACK,8,F,0,50,9
888,DECIMATION,9,T,37,0,10
894,OGP_HIT,-1,-1,0,50,10
894,BACKTRACK,9,F,0,50,10
901,OGP_HIT,-1,-1,0,50,10
901,BACKTRACK,7,F,0,50,8
909,OGP_HIT,-1,-1,0,50,8
909,BACKTRACK,6,F,0,50,7
922,OGP_HIT,-1,-1,0,50,7
922,BACKTRACK,2,F,0,50,3
925,DECIMATION,3,T,45,0,4
926,DECIMATION,4,T,44,0,5
928,DECIMATION,5,T,42,0,6
930,DECIMATION,6,T,40,0,7
938,OGP_HIT,-1,-1,0,50,7
938,BACKTRACK,6,F,0,50,7
946,OGP_HIT,-1,-1,0,50,7
946,BACKTRACK,5,F,0,50,6
949,DECIMATION,6,T,36,0,7
958,OGP_HIT,-1,-1,0,50,7
958,BACKTRACK,6,F,0,50,7
966,OGP_HIT,-1,-1,0,50,7
966,BACKTRACK,4,F,0,50,5
967,DECIMATION,5,T,43,0,6
969,DECIMATION,6,T,41,0,7
977,OGP_HIT,-1,-1,0,50,7
977,BACKTRACK,6,F,0,50,7
986,OGP_HIT,-1,-1,0,50,7
986,BACKTRACK,5,F,0,50,6
998,OGP_HIT,-1,-1,0,50,6
998,BACKTRACK,3,F,0,50,4
999,DECIMATION,4,T,44,0,5
1001,DECIMATION,5,T,42,0,6
1003,DECIMATION,6,T,40,0,7
1011,OGP_HIT,-1,-1,0,50,7
1011,BACKTRACK,6,F,0,50,7
1019,OGP_HIT,-1,-1,0,50,7
1019,BACKTRACK,5,F,0,50,6
1022,DECIMATION,6,T,36,0,7
1032,OGP_HIT,-1,-1,0,50,7
1032,BACKTRACK,6,F,0,50,7
1040,OGP_HIT,-1,-1,0,50,7
1040,BACKTRACK,4,F,0,50,5
1041,DECIMATION,5,T,43,0,6
1043,DECIMATION,6,T,41,0,7
1051,OGP_HIT,-1,-1,0,50,7
1051,BACKTRACK,6,F,0,50,7
1060,OGP_HIT,-1,-1,0,50,7
1060,BACKTRACK,5,F,0,50,6
1072,OGP_HIT,-1,-1,0,50,6
1072,BACKTRACK,0,F,0,50,1
1073,DECIMATION,1,T,49,0,2
1074,DECIMATION,2,T,48,0,3
1075,DECIMATION,3,T,47,0,4
1076,DECIMATION,4,T,46,0,5
1077,DECIMATION,5,T,45,0,6
1078,DECIMATION,6,T,44,0,7
1080,DECIMATION,7,T,41,0,8
1081,DECIMATION,8,T,40,0,9
1094,OGP_HIT,-1,-1,0,50,9
1094,BACKTRACK,8,F,0,50,9
1104,OGP_HIT,-1,-1,0,50,9
1104,BACKTRACK,7,F,0,50,8
1113,OGP_HIT,-1,-1,0,50,8
1113,BACKTRACK,6,F,0,50,7
1123,OGP_HIT,-1,-1,0,50,7
1123,BACKTRACK,5,F,0,50,6
1128,DECIMATION,7,T,40,0,7
1131,DECIMATION,8,T,37,0,8
1140,OGP_HIT,-1,-1,0,50,8
1140,BACKTRACK,8,F,0,50,8
1148,OGP_HIT,-1,-1,0,50,8
1148,BACKTRACK,7,F,0,50,7
1157,OGP_HIT,-1,-1,0,50,7
1157,BACKTRACK,4,F,0,50,5
1159,DECIMATION,5,T,44,0,6
1160,DECIMATION,6,T,43,0,7
1162,DECIMATION,7,T,40,0,8
1163,DECIMATION,8,T,39,0,9
1176,OGP_HIT,-1,-1,0,50,9
1176,BACKTRACK,8,F,0,50,9
1186,OGP_HIT,-1,-1,0,50,9
1186,BACKTRACK,7,F,0,50,8
1195,OGP_HIT,-1,-1,0,50,8
1195,BACKTRACK,6,F,0,50,7
1210,OGP_HIT,-1,-1,0,50,7
1210,BACKTRACK,5,F,0,50,6
1212,DECIMATION,7,T,42,0,7
1213,DECIMATION,8,T,41,0,8
1216,DECIMATION,9,T,38,0,9
1226,OGP_HIT,-1,-1,0,50,9
1226,BACKTRACK,9,F,0,50,9
1240,OGP_HIT,-1,-1,0,50,9
1240,BACKTRACK,8,F,0,50,8
1251,OGP_HIT,-1,-1,0,50,8
1251,BACKTRACK,7,F,0,50,7
1262,OGP_HIT,-1,-1,0,50,7
1262,BACKTRACK,3,F,0,50,4
1263,DECIMATION,4,T,46,0,5
1264,DECIMATION,5,T,45,0,6
1265,DECIMATION,6,T,44,0,7
1267,DECIMATION,7,T,41,0,8
1268,DECIMATION,8,T,40,0,9
1278,OGP_HIT,-1,-1,0,50,9
1278,BACKTRACK,8,F,0,50,9
1290,OGP_HIT,-1,-1,0,50,9
1290,BACKTRACK,7,F,0,50,8
1295,DECIMATION,8,T,36,0,9
1304,OGP_HIT,-1,-1,0,50,9
1304,BACKTRACK,8,F,0,50,9
1315,OGP_HIT,-1,-1,0,50,9
1315,BACKTRACK,6,F,0,50,7
1326,OGP_HIT,-1,-1,0,50,7
1326,BACKTRACK,5,F,0,50,6
1331,DECIMATION,7,T,40,0,7
1334,DECIMATION,8,T,37,0,8
1342,OGP_HIT,-1,-1,0,50,8
1342,BACKTRACK,8,F,0,50,8
1343,DECIMATION,9,T,36,0,9
1351,OGP_HIT,-1,-1,0,50,9
1351,BACKTRACK,9,F,0,50,9
1362,OGP_HIT,-1,-1,0,50,9
1362,BACKTRACK,7,F,0,50,7
1371,OGP_HIT,-1,-1,0,50,7
1371,BACKTRACK,4,F,0,50,5
1377,DECIMATION,5,T,39,0,6
1378,DECIMATION,6,T,38,0,7
1393,OGP_HIT,-1,-1,0,50,7
1393,BACKTRACK,6,F,0,50,7
1403,OGP_HIT,-1,-1,0,50,7
1403,BACKTRACK,5,F,0,50,6
1414,OGP_HIT,-1,-1,0,50,6
1414,BACKTRACK,2,F,0,50,3
1415,DECIMATION,3,T,47,0,4
1416,DECIMATION,4,T,46,0,5
1417,DECIMATION,5,T,45,0,6
1419,DECIMATION,6,T,43,0,7
1427,OGP_HIT,-1,-1,0,50,7
1427,BACKTRACK,6,F,0,50,7
1436,OGP_HIT,-1,-1,0,50,7
1436,BACKTRACK,5,F,0,50,6
1441,DECIMATION,7,T,40,0,7
1444,DECIMATION,8,T,37,0,8
1453,OGP_HIT,-1,-1,0,50,8
1453,BACKTRACK,8,F,0,50,8
1461,OGP_HIT,-1,-1,0,50,8
1461,BACKTRACK,7,F,0,50,7
1462,DECIMATION,8,T,39,0,8
1465,DECIMATION,9,T,36,0,9
1472,OGP_HIT,-1,-1,0,50,9
1472,BACKTRACK,9,F,0,50,9
1479,OGP_HIT,-1,-1,0,50,9
1479,BACKTRACK,8,F,0,50,8
1487,OGP_HIT,-1,-1,0,50,8
1487,BACKTRACK,4,F,0,50,5
1489,DECIMATION,5,T,44,0,6
1491,DECIMATION,6,T,42,0,7
1498,OGP_HIT,-1,-1,0,50,7
1498,BACKTRACK,6,F,0,50,7
1509,OGP_HIT,-1,-1,0,50,7
1509,BACKTRACK,5,F,0,50,6
1511,DECIMATION,7,T,42,0,7
1512,DECIMATION,8,T,41,0,8
1515,DECIMATION,9,T,38,0,9
1524,OGP_HIT,-1,-1,0,50,9
1524,BACKTRACK,9,F,0,50,9
1536,OGP_HIT,-1,-1,0,50,9
1536,BACKTRACK,8,F,0,50,8
1545,OGP_HIT,-1,-1,0,50,8
1545,BACKTRACK,7,F,0,50,7
1546,DECIMATION,8,T,41,0,8
1549,DECIMATION,9,T,38,0,9
1559,OGP_HIT,-1,-1,0,50,9
1559,BACKTRACK,9,F,0,50,9
1562,DECIMATION,10,T,33,0,10
1569,OGP_HIT,-1,-1,0,50,10
1569,BACKTRACK,10,F,0,50,10
1570,DECIMATION,12,T,32,0,11
1578,OGP_HIT,-1,-1,0,50,11
1578,BACKTRACK,12,F,0,50,11
1589,OGP_HIT,-1,-1,0,50,11
1589,BACKTRACK,8,F,0,50,8
1597,OGP_HIT,-1,-1,0,50,8
1597,BACKTRACK,3,F,0,50,4
1598,DECIMATION,4,T,46,0,5
1599,DECIMATION,5,T,45,0,6
1601,DECIMATION,6,T,43,0,7
1609,OGP_HIT,-1,-1,0,50,7
1609,BACKTRACK,6,F,0,50,7
1619,OGP_HIT,-1,-1,0,50,7
1619,BACKTRACK,5,F,0,50,6
1624,DECIMATION,7,T,40,0,7
1627,DECIMATION,8,T,37,0,8
1635,OGP_HIT,-1,-1,0,50,8
1635,BACKTRACK,8,F,0,50,8
1636,DECIMATION,9,T,36,0,9
1643,OGP_HIT,-1,-1,0,50,9
1643,BACKTRACK,9,F,0,50,9
1653,OGP_HIT,-1,-1,0,50,9
1653,BACKTRACK,7,F,0,50,7
1654,DECIMATION,8,T,39,0,8
1657,DECIMATION,9,T,36,0,9
1664,OGP_HIT,-1,-1,0,50,9
1664,BACKTRACK,9,F,0,50,9
1671,OGP_HIT,-1,-1,0,50,9
1671,BACKTRACK,8,F,0,50,8
1672,DECIMATION,9,T,38,0,9
1679,OGP_HIT,-1,-1,0,50,9
1679,BACKTRACK,9,F,0,50,9
1681,DECIMATION,10,T,36,0,10
1689,OGP_HIT,-1,-1,0,50,10
1689,BACKTRACK,10,F,0,50,10
1690,DECIMATION,11,T,35,0,11
1696,OGP_HIT,-1,-1,0,50,11
1696,BACKTRACK,11,F,0,50,11
1702,OGP_HIT,-1,-1,0,50,11
1702,BACKTRACK,4,F,0,50,5
1721,OGP_HIT,-1,-1,0,50,5
1721,BACKTRACK,1,F,0,50,2
1722,DECIMATION,2,T,48,0,3
1723,DECIMATION,3,T,47,0,4
1724,DECIMATION,4,T,46,0,5
1725,DECIMATION,5,T,45,0,6
1726,DECIMATION,6,T,44,0,7
1728,DECIMATION,7,T,41,0,8
1729,DECIMATION,8,T,40,0,9
1739,OGP_HIT,-1,-1,0,50,9
1739,BACKTRACK,8,F,0,50,9
1748,OGP_HIT,-1,-1,0,50,9
1748,BACKTRACK,7,F,0,50,8
1757,OGP_HIT,-1,-1,0,50,8
1757,BACKTRACK,6,F,0,50,7
1768,OGP_HIT,-1,-1,0,50,7
1768,BACKTRACK,5,F,0,50,6
1769,DECIMATION,6,T,44,0,7
1770,DECIMATION,7,T,43,0,8
1771,DECIMATION,8,T,42,0,9
1774,DECIMATION,9,T,39,0,10
1782,OGP_HIT,-1,-1,0,50,10
1782,BACKTRACK,9,F,0,50,10
1790,OGP_HIT,-1,-1,0,50,10
1790,BACKTRACK,8,F,0,50,9
1800,OGP_HIT,-1,-1,0,50,9
1800,BACKTRACK,7,F,0,50,8
1809,OGP_HIT,-1,-1,0,50,8
1809,BACKTRACK,6,F,0,50,7
1813,DECIMATION,7,T,40,0,8
1816,DECIMATION,8,T,37,0,9
1825,OGP_HIT,-1,-1,0,50,9
1825,BACKTRACK,8,F,0,50,9
1832,OGP_HIT,-1,-1,0,50,9
1832,BACKTRACK,7,F,0,50,8
1841,OGP_HIT,-1,-1,0,50,8
1841,BACKTRACK,4,F,0,50,5
1842,DECIMATION,5,T,45,0,6
1843,DECIMATION,6,T,44,0,7
1845,DECIMATION,7,T,41,0,8
1846,DECIMATION,8,T,40,0,9
1855,OGP_HIT,-1,-1,0,50,9
1855,BACKTRACK,8,F,0,50,9
1864,OGP_HIT,-1,-1,0,50,9
1864,BACKTRACK,7,F,0,50,8
1873,OGP_HIT,-1,-1,0,50,8
1873,BACKTRACK,6,F,0,50,7
1885,OGP_HIT,-1,-1,0,50,7
1885,BACKTRACK,5,F,0,50,6
1886,DECIMATION,6,T,44,0,7
1887,DECIMATION,7,T,43,0,8
1888,DECIMATION,8,T,42,0,9
1898,OGP_HIT,-1,-1,0,50,9
1898,BACKTRACK,8,F,0,50,9
1908,OGP_HIT,-1,-1,0,50,9
1908,BACKTRACK,7,F,0,50,8
1917,OGP_HIT,-1,-1,0,50,8
1917,BACKTRACK,6,F,0,50,7
1918,DECIMATION,7,T,43,0,8
1919,DECIMATION,8,T,42,0,9
1930,OGP_HIT,-1,-1,0,50,9
1930,BACKTRACK,8,F,0,50,9
1939,OGP_HIT,-1,-1,0,50,9
1939,BACKTRACK,7,F,0,50,8
1949,OGP_HIT,-1,-1,0,50,8
1949,BACKTRACK,3,F,0,50,4
1950,DECIMATION,4,T,46,0,5
1951,DECIMATION,5,T,45,0,6
1952,DECIMATION,6,T,44,0,7
1954,DECIMATION,7,T,41,0,8
1955,DECIMATION,8,T,40,0,9
1963,OGP_HIT,-1,-1,0,50,9
1963,BACKTRACK,8,F,0,50,9
1975,OGP_HIT,-1,-1,0,50,9
1975,BACKTRACK,7,F,0,50,8
1980,DECIMATION,8,T,36,0,9
1989,OGP_HIT,-1,-1,0,50,9
1989,BACKTRACK,8,F,0,50,9
1992,DECIMATION,9,T,33,0,10
1998,OGP_HIT,-1,-1,0,50,10
1998,BACKTRACK,9,F,0,50,10
2008,OGP_HIT,-1,-1,0,50,10
2008,BACKTRACK,6,F,0,50,7
2020,OGP_HIT,-1,-1,0,50,7
2020,BACKTRACK,5,F,0,50,6
2021,DECIMATION,6,T,44,0,7
2022,DECIMATION,7,T,43,0,8
2023,DECIMATION,8,T,42,0,9
2034,OGP_HIT,-1,-1,0,50,9
2034,BACKTRACK,8,F,0,50,9
2035,DECIMATION,9,T,41,0,10
2043,OGP_HIT,-1,-1,0,50,10
2043,BACKTRACK,9,F,0,50,10
2054,OGP_HIT,-1,-1,0,50,10
2054,BACKTRACK,7,F,0,50,8
2059,DECIMATION,8,T,38,0,9
2060,DECIMATION,9,T,37,0,10
2066,OGP_HIT,-1,-1,0,50,10
2066,BACKTRACK,9,F,0,50,10
2068,DECIMATION,10,T,35,0,11
2069,DECIMATION,11,T,34,0,12
2076,OGP_HIT,-1,-1,0,50,12
2076,BACKTRACK,11,F,0,50,12
2083,OGP_HIT,-1,-1,0,50,12
2083,BACKTRACK,10,F,0,50,11
2084,DECIMATION,11,T,34,0,12
2091,OGP_HIT,-1,-1,0,50,12
2091,BACKTRACK,11,F,0,50,12
2098,OGP_HIT,-1,-1,0,50,12
2098,BACKTRACK,8,F,0,50,9
2099,DECIMATION,9,T,37,0,10
2105,OGP_HIT,-1,-1,0,50,10
2105,BACKTRACK,9,F,0,50,10
2107,DECIMATION,10,T,35,0,11
2108,DECIMATION,11,T,34,0,12
2115,OGP_HIT,-1,-1,0,50,12
2115,BACKTRACK,11,F,0,50,12
2122,OGP_HIT,-1,-1,0,50,12
2122,BACKTRACK,10,F,0,50,11
2123,DECIMATION,11,T,34,0,12
2130,OGP_HIT,-1,-1,0,50,12
2130,BACKTRACK,11,F,0,50,12
2137,OGP_HIT,-1,-1,0,50,12
2137,BACKTRACK,6,F,0,50,7
2141,DECIMATION,7,T,40,0,8
2144,DECIMATION,8,T,37,0,9
2152,OGP_HIT,-1,-1,0,50,9
2152,BACKTRACK,8,F,0,50,9
2153,DECIMATION,9,T,36,0,10
2161,OGP_HIT,-1,-1,0,50,10
2161,BACKTRACK,9,F,0,50,10
2170,OGP_HIT,-1,-1,0,50,10
2170,BACKTRACK,7,F,0,50,8
2180,OGP_HIT,-1,-1,0,50,8
2180,BACKTRACK,4,F,0,50,5
2181,DECIMATION,5,T,45,0,6
2182,DECIMATION,6,T,44,0,7
2184,DECIMATION,7,T,41,0,8
2185,DECIMATION,8,T,40,0,9
2193,OGP_HIT,-1,-1,0,50,9
2193,BACKTRACK,8,F,0,50,9
2205,OGP_HIT,-1,-1,0,50,9
2205,BACKTRACK,7,F,0,50,8
2209,DECIMATION,8,T,37,0,9
2217,OGP_HIT,-1,-1,0,50,9
2217,BACKTRACK,8,F,0,50,9
2221,DECIMATION,9,T,33,0,10
2228,OGP_HIT,-1,-1,0,50,10
2228,BACKTRACK,9,F,0,50,10
2231,DECIMATION,12,T,29,0,11
2238,OGP_HIT,-1,-1,0,50,11
2238,BACKTRACK,12,F,0,50,11
2245,OGP_HIT,-1,-1,0,50,11
2245,BACKTRACK,6,F,0,50,7
2248,DECIMATION,7,T,41,0,8
2249,DECIMATION,8,T,40,0,9
2257,OGP_HIT,-1,-1,0,50,9
2257,BACKTRACK,8,F,0,50,9
2259,DECIMATION,9,T,38,0,10
2267,OGP_HIT,-1,-1,0,50,10
2267,BACKTRACK,9,F,0,50,10
2276,OGP_HIT,-1,-1,0,50,10
2276,BACKTRACK,7,F,0,50,8
2279,DECIMATION,8,T,38,0,9
2290,OGP_HIT,-1,-1,0,50,9
2290,BACKTRACK,8,F,0,50,9
2292,DECIMATION,9,T,36,0,10
2299,OGP_HIT,-1,-1,0,50,10
2299,BACKTRACK,9,F,0,50,10
2302,DECIMATION,10,T,33,0,11
2312,OGP_HIT,-1,-1,0,50,11
2312,BACKTRACK,10,F,0,50,11
2313,DECIMATION,12,T,32,0,12
2320,OGP_HIT,-1,-1,0,50,12
2320,BACKTRACK,12,F,0,50,12
2328,OGP_HIT,-1,-1,0,50,12
2328,BACKTRACK,5,F,0,50,6
2329,DECIMATION,6,T,44,0,7
2330,DECIMATION,7,T,43,0,8
2331,DECIMATION,8,T,42,0,9
2340,OGP_HIT,-1,-1,0,50,9
2340,BACKTRACK,8,F,0,50,9
2341,DECIMATION,9,T,41,0,10
2349,OGP_HIT,-1,-1,0,50,10
2349,BACKTRACK,9,F,0,50,10
2360,OGP_HIT,-1,-1,0,50,10
2360,BACKTRACK,7,F,0,50,8
2364,DECIMATION,8,T,39,0,9
2374,OGP_HIT,-1,-1,0,50,9
2374,BACKTRACK,8,F,0,50,9
2375,DECIMATION,9,T,38,0,10
2382,OGP_HIT,-1,-1,0,50,10
2382,BACKTRACK,9,F,0,50,10
2384,DECIMATION,10,T,36,0,11
2385,DECIMATION,11,T,35,0,12
2388,DECIMATION,12,T,32,0,13
2395,OGP_HIT,-1,-1,0,50,13
2395,BACKTRACK,12,F,0,50,13
2402,OGP_HIT,-1,-1,0,50,13
2402,BACKTRACK,11,F,0,50,12
2409,OGP_HIT,-1,-1,0,50,12
2409,BACKTRACK,10,F,0,50,11
2413,DECIMATION,12,T,32,0,12
2420,OGP_HIT,-1,-1,0,50,12
2420,BACKTRACK,12,F,0,50,12
2428,OGP_HIT,-1,-1,0,50,12
2428,BACKTRACK,6,F,0,50,7
2429,DECIMATION,7,T,43,0,8
2430,DECIMATION,8,T,42,0,9
2439,OGP_HIT,-1,-1,0,50,9
2439,BACKTRACK,8,F,0,50,9
2440,DECIMATION,9,T,41,0,10
2449,OGP_HIT,-1,-1,0,50,10
2449,BACKTRACK,9,F,0,50,10
2459,OGP_HIT,-1,-1,0,50,10
2459,BACKTRACK,7,F,0,50,8
2463,DECIMATION,8,T,38,0,9
2473,OGP_HIT,-1,-1,0,50,9
2473,BACKTRACK,8,F,0,50,9
2474,DECIMATION,9,T,37,0,10
2481,OGP_HIT,-1,-1,0,50,10
2481,BACKTRACK,9,F,0,50,10
2484,DECIMATION,10,T,33,0,11
2485,DECIMATION,12,T,32,0,12
2492,OGP_HIT,-1,-1,0,50,12
2492,BACKTRACK,12,F,0,50,12
2500,OGP_HIT,-1,-1,0,50,12
2500,BACKTRACK,10,F,0,50,11
2501,DECIMATION,12,T,32,0,12
2508,OGP_HIT,-1,-1,0,50,12
2508,BACKTRACK,12,F,0,50,12
2516,OGP_HIT,-1,-1,0,50,12
2516,BACKTRACK,2,F,0,50,3
2521,DECIMATION,3,T,42,0,4
2523,DECIMATION,4,T,40,0,5
2524,DECIMATION,5,T,39,0,6
2532,OGP_HIT,-1,-1,0,50,6
2532,BACKTRACK,5,F,0,50,6
2536,DECIMATION,6,T,34,0,7
2543,OGP_HIT,-1,-1,0,50,7
2543,BACKTRACK,6,F,0,50,7
2550,OGP_HIT,-1,-1,0,50,7
2550,BACKTRACK,4,F,0,50,5
2551,DECIMATION,5,T,39,0,6
2559,OGP_HIT,-1,-1,0,50,6
2559,BACKTRACK,5,F,0,50,6
2571,OGP_HIT,-1,-1,0,50,6
2571,BACKTRACK,3,F,0,50,4
2575,DECIMATION,4,T,38,0,5
2576,DECIMATION,5,T,37,0,6
2578,DECIMATION,6,T,35,0,7
2586,OGP_HIT,-1,-1,0,50,7
2586,BACKTRACK,6,F,0,50,7
2593,OGP_HIT,-1,-1,0,50,7
2593,BACKTRACK,5,F,0,50,6
2602,OGP_HIT,-1,-1,0,50,6
2602,BACKTRACK,4,F,0,50,5
2603,DECIMATION,5,T,37,0,6
2605,DECIMATION,6,T,35,0,7
2612,OGP_HIT,-1,-1,0,50,7
2612,BACKTRACK,6,F,0,50,7
2621,OGP_HIT,-1,-1,0,50,7
2621,BACKTRACK,5,F,0,50,6
2630,OGP_HIT,-1,-1,0,50,6
